<?xml version="1.0" encoding="UTF-8"?>
<beans xmlns="http://www.springframework.org/schema/beans"
	xmlns:xsi="http://www.w3.org/2001/XMLSchema-instance" xmlns:mvc="http://www.springframework.org/schema/mvc"
	xmlns:context="http://www.springframework.org/schema/context"
	xsi:schemaLocation="
	http://www.springframework.org/schema/mvc http://www.springframework.org/schema/mvc/spring-mvc-3.0.xsd
	http://www.springframework.org/schema/beans http://www.springframework.org/schema/beans/spring-beans-3.0.xsd
	http://www.springframework.org/schema/context http://www.springframework.org/schema/context/spring-context-3.0.xsd">
	<!--<context:annotation-config /> -->
		<context:component-scan base-package="com.inautix" />
	
   <!-- Initialization for data source -->
	<bean id="dataSource" class="org.springframework.jdbc.datasource.DriverManagerDataSource">
		<property name="driverClassName" value="org.apache.derby.jdbc.ClientDriver" />
		<property name="url" value="jdbc:derby://172.24.21.26:1527/SportEvent" />
		<property name="username" value="Event" />
		<property name="password" value="pwd" />
	</bean>
   
	 <bean id="test" class="com.inautix.Bean.Test"/>		
	 <bean id="metaData" class="com.inautix.Bean.MetaData" />
	 <bean id="data" class="com.inautix.Bean.Data" />
	 <bean id="error" class="com.inautix.Bean.ErrorDetails" />	
	 <bean id="response" class="com.inautix.Bean.Response" />					
	<mvc:annotation-driven />
	<mvc:default-servlet-handler />
</beans>